{
  "config1": "custom_iter3_tree16",
  "config2": "custom_high_performance",
  "steps_compared": 8,
  "comparison_results": [
    {
      "step_index": 0,
      "step_id1": 1,
      "step_id2": 1,
      "step_type1": "accepted_prefill",
      "step_type2": "accepted_prefill",
      "token1": 5,
      "token2": 5,
      "mse": 0.0,
      "cosine_similarity": null,
      "top5_tokens1": [
        5,
        45112,
        5792,
        2148,
        59320
      ],
      "top5_values1": [
        16.921875,
        11.84375,
        11.8203125,
        10.96875,
        10.84375
      ],
      "top5_tokens2": [
        5,
        45112,
        5792,
        2148,
        59320
      ],
      "top5_values2": [
        16.921875,
        11.84375,
        11.8203125,
        10.96875,
        10.84375
      ]
    },
    {
      "step_index": 1,
      "step_id1": 2,
      "step_id2": 2,
      "step_type1": "accepted_decode_0_0",
      "step_type2": "accepted_decode_0_0",
      "token1": 2148,
      "token2": 2148,
      "mse": 0.00011599063873291016,
      "cosine_similarity": null,
      "top5_tokens1": [
        2148,
        5,
        45112,
        1983,
        2
      ],
      "top5_values1": [
        11.71875,
        11.0703125,
        10.1484375,
        8.6875,
        8.03125
      ],
      "top5_tokens2": [
        2148,
        5,
        45112,
        1983,
        2
      ],
      "top5_values2": [
        11.734375,
        11.0859375,
        10.15625,
        8.6953125,
        8.046875
      ]
    },
    {
      "step_index": 2,
      "step_id1": 3,
      "step_id2": 3,
      "step_type1": "accepted_decode_0_1",
      "step_type2": "accepted_decode_0_1",
      "token1": 15229,
      "token2": 15229,
      "mse": 5.364418029785156e-05,
      "cosine_similarity": null,
      "top5_tokens1": [
        15229,
        6418,
        84,
        12538,
        59516
      ],
      "top5_values1": [
        25.3125,
        13.7578125,
        10.8046875,
        9.1015625,
        8.734375
      ],
      "top5_tokens2": [
        15229,
        6418,
        84,
        12538,
        59516
      ],
      "top5_values2": [
        25.28125,
        13.765625,
        10.8046875,
        9.109375,
        8.71875
      ]
    },
    {
      "step_index": 3,
      "step_id1": 4,
      "step_id2": 4,
      "step_type1": "accepted_decode_0_2",
      "step_type2": "accepted_decode_0_2",
      "token1": 6418,
      "token2": 6418,
      "mse": 3.5762786865234375e-05,
      "cosine_similarity": null,
      "top5_tokens1": [
        6418,
        5,
        7467,
        12538,
        28620
      ],
      "top5_values1": [
        19.0,
        12.0078125,
        8.828125,
        7.91796875,
        7.5625
      ],
      "top5_tokens2": [
        6418,
        5,
        7467,
        12538,
        28620
      ],
      "top5_values2": [
        19.0,
        12.015625,
        8.828125,
        7.91796875,
        7.55078125
      ]
    },
    {
      "step_index": 4,
      "step_id1": 5,
      "step_id2": 5,
      "step_type1": "accepted_decode_0_3",
      "step_type2": "accepted_decode_0_3",
      "token1": 5,
      "token2": 5,
      "mse": 1.2934207916259766e-05,
      "cosine_similarity": null,
      "top5_tokens1": [
        5,
        1983,
        2,
        59362,
        59320
      ],
      "top5_values1": [
        18.125,
        8.8359375,
        7.9765625,
        7.41015625,
        6.48828125
      ],
      "top5_tokens2": [
        5,
        1983,
        2,
        59362,
        59320
      ],
      "top5_values2": [
        18.125,
        8.84375,
        7.984375,
        7.40234375,
        6.4921875
      ]
    },
    {
      "step_index": 5,
      "step_id1": 6,
      "step_id2": 6,
      "step_type1": "accepted_decode_1_0",
      "step_type2": "accepted_decode_1_0",
      "token1": 1962,
      "token2": 1962,
      "mse": 1.4722347259521484e-05,
      "cosine_similarity": null,
      "top5_tokens1": [
        1962,
        59377,
        5,
        1354,
        1724
      ],
      "top5_values1": [
        16.484375,
        13.078125,
        11.0546875,
        10.3359375,
        9.6171875
      ],
      "top5_tokens2": [
        1962,
        59377,
        5,
        1354,
        1724
      ],
      "top5_values2": [
        16.484375,
        13.0859375,
        11.0625,
        10.34375,
        9.6171875
      ]
    },
    {
      "step_index": 6,
      "step_id1": 7,
      "step_id2": 7,
      "step_type1": "accepted_decode_1_1",
      "step_type2": "accepted_decode_2_0",
      "token1": 1876,
      "token2": 1876,
      "mse": 0.024810791015625,
      "cosine_similarity": null,
      "top5_tokens1": [
        1876,
        4065,
        6898,
        4087,
        3002
      ],
      "top5_values1": [
        17.8125,
        12.7734375,
        12.625,
        11.53125,
        10.734375
      ],
      "top5_tokens2": [
        1876,
        4065,
        6898,
        4087,
        3002
      ],
      "top5_values2": [
        18.125,
        13.2578125,
        11.9921875,
        11.609375,
        11.015625
      ]
    },
    {
      "step_index": 7,
      "step_id1": 8,
      "step_id2": 8,
      "step_type1": "accepted_decode_2_0",
      "step_type2": "accepted_decode_2_1",
      "token1": 59360,
      "token2": 59360,
      "mse": 4.649162292480469e-06,
      "cosine_similarity": null,
      "top5_tokens1": [
        59360,
        59348,
        1349,
        29648,
        44886
      ],
      "top5_values1": [
        17.75,
        14.75,
        8.2109375,
        8.1484375,
        7.58984375
      ],
      "top5_tokens2": [
        59360,
        59348,
        1349,
        29648,
        44886
      ],
      "top5_values2": [
        17.75,
        14.75,
        8.21875,
        8.15625,
        7.59375
      ]
    }
  ],
  "summary_stats": {
    "avg_mse": 0.003131866455078125,
    "max_mse": 0.024810791015625,
    "min_mse": 0.0,
    "avg_cosine_similarity": null,
    "min_cosine_similarity": null,
    "token_mismatches": 0
  }
}